<?xml version="1.0" encoding="UTF-8"?>
<project-private xmlns="http://www.netbeans.org/ns/project-private/1">
    <editor-bookmarks xmlns="http://www.netbeans.org/ns/editor-bookmarks/2" lastBookmarkId="0"/>
    <open-files xmlns="http://www.netbeans.org/ns/projectui-open-files/2">
        <group>
            <file>file:/home/netdom/Dropbox/Fall%202014/413/Term%20Project/My%20Project/Code/Wingman/src/wingman/Explosion.java</file>
            <file>file:/home/netdom/Dropbox/Fall%202014/413/Term%20Project/My%20Project/Code/Wingman/src/wingman/Island.java</file>
            <file>file:/home/netdom/Dropbox/Fall%202014/413/Term%20Project/My%20Project/Code/Wingman/src/wingman/Wingman.java</file>
            <file>file:/home/netdom/Dropbox/Fall%202014/413/Term%20Project/My%20Project/Code/Wingman/src/wingman/Sound.java</file>
            <file>file:/home/netdom/Dropbox/Fall%202014/413/Term%20Project/My%20Project/Code/Wingman/src/wingman/Enemy.java</file>
            <file>file:/home/netdom/Dropbox/Fall%202014/413/Term%20Project/My%20Project/Code/Wingman/src/wingman/HUDelement.java</file>
            <file>file:/home/netdom/Dropbox/Fall%202014/413/Term%20Project/My%20Project/Code/Wingman/src/wingman/GameEvents.java</file>
        </group>
    </open-files>
</project-private>
